rank,method,OURS,CE,GL
1st,OURS,0.81875,0.0984375,0.0828125
2nd,CE,0.125625,0.50875,0.365625
3rd,GL,0.055625,0.3928125,0.5515625
